{
    "name": "dmcas_lift",
    "revision": 0,
    "order": 0,
    "parameterMap": {
        "_NObs_": {
            "parameter": "_NObs_",
            "type": "num",
            "label": "Sum of Frequencies",
            "length": 8,
            "order": 9,
            "values": [
                "_NObs_"
            ],
            "preformatted": false
        },
        "_Depth_": {
            "parameter": "_Depth_",
            "type": "num",
            "label": "Depth",
            "length": 8,
            "order": 7,
            "values": [
                "_Depth_"
            ],
            "preformatted": false
        },
        "_CumRespBest_": {
            "parameter": "_CumRespBest_",
            "type": "num",
            "label": "Best Cumulative Captured Response Percentage",
            "length": 8,
            "order": 17,
            "values": [
                "_CumRespBest_"
            ],
            "preformatted": false
        },
        "_formattedPartition_": {
            "parameter": "_formattedPartition_",
            "type": "char",
            "label": "Formatted Partition",
            "length": 12,
            "order": 4,
            "values": [
                "_formattedPartition_"
            ],
            "preformatted": false
        },
        "_Column_": {
            "parameter": "_Column_",
            "type": "char",
            "label": "Analysis Variable",
            "length": 8,
            "order": 5,
            "values": [
                "_Column_"
            ],
            "preformatted": false
        },
        "_RespBest_": {
            "parameter": "_RespBest_",
            "type": "num",
            "label": "Best Captured Response Percentage",
            "length": 8,
            "order": 13,
            "values": [
                "_RespBest_"
            ],
            "preformatted": false
        },
        "_DataRole_": {
            "parameter": "_DataRole_",
            "type": "char",
            "label": "Data Role",
            "length": 10,
            "order": 2,
            "values": [
                "_DataRole_"
            ],
            "preformatted": false
        },
        "_CumResp_": {
            "parameter": "_CumResp_",
            "type": "num",
            "label": "Cumulative Captured Response Percentage",
            "length": 8,
            "order": 16,
            "values": [
                "_CumResp_"
            ],
            "preformatted": false
        },
        "_PctRespBest_": {
            "parameter": "_PctRespBest_",
            "type": "num",
            "label": "Best Response Percentage",
            "length": 8,
            "order": 21,
            "values": [
                "_PctRespBest_"
            ],
            "preformatted": false
        },
        "_Gain_": {
            "parameter": "_Gain_",
            "type": "num",
            "label": "Gain",
            "length": 8,
            "order": 24,
            "values": [
                "_Gain_"
            ],
            "preformatted": false
        },
        "_CumLift_": {
            "parameter": "_CumLift_",
            "type": "num",
            "label": "Cumulative Lift",
            "length": 8,
            "order": 18,
            "values": [
                "_CumLift_"
            ],
            "preformatted": false
        },
        "_Event_": {
            "parameter": "_Event_",
            "type": "char",
            "label": "Event",
            "length": 12,
            "order": 6,
            "values": [
                "_Event_"
            ],
            "preformatted": false
        },
        "_TargetName_": {
            "parameter": "_TargetName_",
            "type": "char",
            "label": "Target Name",
            "length": 6,
            "order": 1,
            "values": [
                "_TargetName_"
            ],
            "preformatted": false
        },
        "_PctResp_": {
            "parameter": "_PctResp_",
            "type": "num",
            "label": "Response Percentage",
            "length": 8,
            "order": 20,
            "values": [
                "_PctResp_"
            ],
            "preformatted": false
        },
        "_GainBest_": {
            "parameter": "_GainBest_",
            "type": "num",
            "label": "Best Gain",
            "length": 8,
            "order": 25,
            "values": [
                "_GainBest_"
            ],
            "preformatted": false
        },
        "_CumLiftBest_": {
            "parameter": "_CumLiftBest_",
            "type": "num",
            "label": "Best Cumulative Lift",
            "length": 8,
            "order": 19,
            "values": [
                "_CumLiftBest_"
            ],
            "preformatted": false
        },
        "_Lift_": {
            "parameter": "_Lift_",
            "type": "num",
            "label": "Lift",
            "length": 8,
            "order": 14,
            "values": [
                "_Lift_"
            ],
            "preformatted": false
        },
        "_CumPctResp_": {
            "parameter": "_CumPctResp_",
            "type": "num",
            "label": "Cumulative Response Percentage",
            "length": 8,
            "order": 22,
            "values": [
                "_CumPctResp_"
            ],
            "preformatted": false
        },
        "_NEventsBest_": {
            "parameter": "_NEventsBest_",
            "type": "num",
            "label": "Best Number of Events",
            "length": 8,
            "order": 11,
            "values": [
                "_NEventsBest_"
            ],
            "preformatted": false
        },
        "_CumPctRespBest_": {
            "parameter": "_CumPctRespBest_",
            "type": "num",
            "label": "Best Cumulative Response Percentage",
            "length": 8,
            "order": 23,
            "values": [
                "_CumPctRespBest_"
            ],
            "preformatted": false
        },
        "_Value_": {
            "parameter": "_Value_",
            "type": "num",
            "label": "Value",
            "length": 8,
            "order": 8,
            "values": [
                "_Value_"
            ],
            "preformatted": false
        },
        "_NEvents_": {
            "parameter": "_NEvents_",
            "type": "num",
            "label": "Number of Events",
            "length": 8,
            "order": 10,
            "values": [
                "_NEvents_"
            ],
            "preformatted": false
        },
        "_LiftBest_": {
            "parameter": "_LiftBest_",
            "type": "num",
            "label": "Best Lift",
            "length": 8,
            "order": 15,
            "values": [
                "_LiftBest_"
            ],
            "preformatted": false
        },
        "_PartInd_": {
            "parameter": "_PartInd_",
            "type": "num",
            "label": "Partition Indicator",
            "length": 8,
            "order": 3,
            "values": [
                "_PartInd_"
            ],
            "preformatted": false
        },
        "_Resp_": {
            "parameter": "_Resp_",
            "type": "num",
            "label": "Captured Response Percentage",
            "length": 8,
            "order": 12,
            "values": [
                "_Resp_"
            ],
            "preformatted": false
        }
    },
    "data": [
        {
            "dataMap": {
                "_NObs_": "0",
                "_Depth_": "0",
                "_CumRespBest_": "0",
                "_formattedPartition_": "           0",
                "_Column_": "predict",
                "_RespBest_": "0",
                "_DataRole_": "VALIDATE",
                "_CumResp_": "0",
                "_Event_": "1",
                "_TargetName_": "BAD",
                "_NEventsBest_": "0",
                "_Value_": "0",
                "_NEvents_": "0",
                "_PartInd_": "0",
                "_Resp_": "0"
            },
            "rowNumber": 1
        },
        {
            "dataMap": {
                "_NObs_": "90.0",
                "_Depth_": "5.0",
                "_CumRespBest_": "25.210084033613445",
                "_formattedPartition_": "           0",
                "_column_": "predict",
                "_RespBest_": "25.210084033613445",
                "_DataRole_": "VALIDATE",
                "_CumResp_": "24.369747899159663",
                "_PctRespBest_": "100.0",
                "_Gain_": "3.8739495798319323",
                "_CumLift_": "4.873949579831932",
                "_Event_": "1",
                "_TargetName_": "BAD",
                "_PctResp_": "96.66666666666667",
                "_GainBest_": "4.042016806722688",
                "_CumLiftBest_": "5.042016806722689",
                "_Lift_": "4.873949579831932",
                "_CumPctResp_": "96.66666666666667",
                "_NEventsBest_": "90.0",
                "_CumPctRespBest_": "100.0",
                "_Value_": "0.8963983808640734",
                "_NEvents_": "87.0",
                "_LiftBest_": "5.042016806722689",
                "_PartInd_": "0",
                "_Resp_": "24.369747899159663"
            },
            "rowNumber": 2
        },
        {
            "dataMap": {
                "_NObs_": "90.0",
                "_Depth_": "10.0",
                "_CumRespBest_": "50.42016806722689",
                "_formattedPartition_": "           0",
                "_column_": "predict",
                "_RespBest_": "25.210084033613445",
                "_DataRole_": "VALIDATE",
                "_CumResp_": "44.817927170868344",
                "_PctRespBest_": "100.0",
                "_Gain_": "3.481792717086834",
                "_CumLift_": "4.481792717086835",
                "_Event_": "1",
                "_TargetName_": "BAD",
                "_PctResp_": "81.11111111111111",
                "_GainBest_": "4.042016806722688",
                "_CumLiftBest_": "5.042016806722689",
                "_Lift_": "4.089635854341736",
                "_CumPctResp_": "88.88888888888889",
                "_NEventsBest_": "90.0",
                "_CumPctRespBest_": "100.0",
                "_Value_": "0.7517118301334005",
                "_NEvents_": "73.0",
                "_LiftBest_": "5.042016806722689",
                "_PartInd_": "0",
                "_Resp_": "20.448179271708682"
            },
            "rowNumber": 3
        },
        {
            "dataMap": {
                "_NObs_": "90.0",
                "_Depth_": "15.0",
                "_CumRespBest_": "75.63025210084034",
                "_formattedPartition_": "           0",
                "_column_": "predict",
                "_RespBest_": "25.210084033613445",
                "_DataRole_": "VALIDATE",
                "_CumResp_": "62.46498599439776",
                "_PctRespBest_": "100.0",
                "_Gain_": "3.1643323996265167",
                "_CumLift_": "4.164332399626517",
                "_Event_": "1",
                "_TargetName_": "BAD",
                "_PctResp_": "70.0",
                "_GainBest_": "4.042016806722688",
                "_CumLiftBest_": "5.042016806722689",
                "_Lift_": "3.5294117647058822",
                "_CumPctResp_": "82.5925925925926",
                "_NEventsBest_": "90.0",
                "_CumPctRespBest_": "100.0",
                "_Value_": "0.5218826773118469",
                "_NEvents_": "63.0",
                "_LiftBest_": "5.042016806722689",
                "_PartInd_": "0",
                "_Resp_": "17.647058823529413"
            },
            "rowNumber": 4
        },
        {
            "dataMap": {
                "_NObs_": "90.0",
                "_Depth_": "20.0",
                "_CumRespBest_": "100.0",
                "_formattedPartition_": "           0",
                "_column_": "predict",
                "_RespBest_": "24.369747899159663",
                "_DataRole_": "VALIDATE",
                "_CumResp_": "75.63025210084034",
                "_PctRespBest_": "96.66666666666667",
                "_Gain_": "2.7815126050420163",
                "_CumLift_": "3.7815126050420167",
                "_Event_": "1",
                "_TargetName_": "BAD",
                "_PctResp_": "52.22222222222223",
                "_GainBest_": "4.0",
                "_CumLiftBest_": "5.0",
                "_Lift_": "2.6330532212885154",
                "_CumPctResp_": "75.0",
                "_NEventsBest_": "87.0",
                "_CumPctRespBest_": "99.16666666666667",
                "_Value_": "0.30818437468593196",
                "_NEvents_": "47.0",
                "_LiftBest_": "4.873949579831932",
                "_PartInd_": "0",
                "_Resp_": "13.165266106442578"
            },
            "rowNumber": 5
        },
        {
            "dataMap": {
                "_NObs_": "90.0",
                "_Depth_": "25.0",
                "_CumRespBest_": "100.0",
                "_formattedPartition_": "           0",
                "_column_": "predict",
                "_RespBest_": "0.0",
                "_DataRole_": "VALIDATE",
                "_CumResp_": "84.87394957983193",
                "_PctRespBest_": "0.0",
                "_Gain_": "2.3949579831932772",
                "_CumLift_": "3.3949579831932772",
                "_Event_": "1",
                "_TargetName_": "BAD",
                "_PctResp_": "36.666666666666664",
                "_GainBest_": "3.0",
                "_CumLiftBest_": "4.0",
                "_Lift_": "1.8487394957983192",
                "_CumPctResp_": "67.33333333333333",
                "_NEventsBest_": "0.0",
                "_CumPctRespBest_": "79.33333333333333",
                "_Value_": "0.17082267904838755",
                "_NEvents_": "33.0",
                "_LiftBest_": "0.0",
                "_PartInd_": "0",
                "_Resp_": "9.243697478991598"
            },
            "rowNumber": 6
        },
        {
            "dataMap": {
                "_NObs_": "90.0",
                "_Depth_": "30.0",
                "_CumRespBest_": "100.0",
                "_formattedPartition_": "           0",
                "_column_": "predict",
                "_RespBest_": "0.0",
                "_DataRole_": "VALIDATE",
                "_CumResp_": "88.51540616246498",
                "_PctRespBest_": "0.0",
                "_Gain_": "1.9505135387488326",
                "_CumLift_": "2.950513538748833",
                "_Event_": "1",
                "_TargetName_": "BAD",
                "_PctResp_": "14.444444444444443",
                "_GainBest_": "2.3333333333333335",
                "_CumLiftBest_": "3.3333333333333335",
                "_Lift_": "0.7282913165266106",
                "_CumPctResp_": "58.51851851851851",
                "_NEventsBest_": "0.0",
                "_CumPctRespBest_": "66.11111111111111",
                "_Value_": "0.11956381857670971",
                "_NEvents_": "13.0",
                "_LiftBest_": "0.0",
                "_PartInd_": "0",
                "_Resp_": "3.6414565826330536"
            },
            "rowNumber": 7
        },
        {
            "dataMap": {
                "_NObs_": "90.0",
                "_Depth_": "35.0",
                "_CumRespBest_": "100.0",
                "_formattedPartition_": "           0",
                "_column_": "predict",
                "_RespBest_": "0.0",
                "_DataRole_": "VALIDATE",
                "_CumResp_": "91.31652661064426",
                "_PctRespBest_": "0.0",
                "_Gain_": "1.6090436174469795",
                "_CumLift_": "2.609043617446979",
                "_Event_": "1",
                "_TargetName_": "BAD",
                "_PctResp_": "11.11111111111111",
                "_GainBest_": "1.8571428571428572",
                "_CumLiftBest_": "2.857142857142857",
                "_Lift_": "0.5602240896358543",
                "_CumPctResp_": "51.746031746031754",
                "_NEventsBest_": "0.0",
                "_CumPctRespBest_": "56.666666666666664",
                "_Value_": "0.08894405035051298",
                "_NEvents_": "10.0",
                "_LiftBest_": "0.0",
                "_PartInd_": "0",
                "_Resp_": "2.801120448179272"
            },
            "rowNumber": 8
        },
        {
            "dataMap": {
                "_NObs_": "90.0",
                "_Depth_": "40.0",
                "_CumRespBest_": "100.0",
                "_formattedPartition_": "           0",
                "_column_": "predict",
                "_RespBest_": "0.0",
                "_DataRole_": "VALIDATE",
                "_CumResp_": "92.99719887955182",
                "_PctRespBest_": "0.0",
                "_Gain_": "1.3249299719887957",
                "_CumLift_": "2.3249299719887957",
                "_Event_": "1",
                "_TargetName_": "BAD",
                "_PctResp_": "6.666666666666667",
                "_GainBest_": "1.5000000000000004",
                "_CumLiftBest_": "2.5000000000000004",
                "_Lift_": "0.3361344537815126",
                "_CumPctResp_": "46.111111111111114",
                "_NEventsBest_": "0.0",
                "_CumPctRespBest_": "49.583333333333336",
                "_Value_": "0.0729694725354807",
                "_NEvents_": "6.0",
                "_LiftBest_": "0.0",
                "_PartInd_": "0",
                "_Resp_": "1.680672268907563"
            },
            "rowNumber": 9
        },
        {
            "dataMap": {
                "_NObs_": "90.0",
                "_Depth_": "45.0",
                "_CumRespBest_": "100.0",
                "_formattedPartition_": "           0",
                "_column_": "predict",
                "_RespBest_": "0.0",
                "_DataRole_": "VALIDATE",
                "_CumResp_": "94.9579831932773",
                "_PctRespBest_": "0.0",
                "_Gain_": "1.1101774042950514",
                "_CumLift_": "2.110177404295052",
                "_Event_": "1",
                "_TargetName_": "BAD",
                "_PctResp_": "7.777777777777778",
                "_GainBest_": "1.2222222222222223",
                "_CumLiftBest_": "2.2222222222222223",
                "_Lift_": "0.39215686274509803",
                "_CumPctResp_": "41.85185185185185",
                "_NEventsBest_": "0.0",
                "_CumPctRespBest_": "44.074074074074076",
                "_Value_": "0.06020928730429967",
                "_NEvents_": "7.0",
                "_LiftBest_": "0.0",
                "_PartInd_": "0",
                "_Resp_": "1.9607843137254901"
            },
            "rowNumber": 10
        },
        {
            "dataMap": {
                "_NObs_": "90.0",
                "_Depth_": "50.0",
                "_CumRespBest_": "100.0",
                "_formattedPartition_": "           0",
                "_column_": "predict",
                "_RespBest_": "0.0",
                "_DataRole_": "VALIDATE",
                "_CumResp_": "96.35854341736693",
                "_PctRespBest_": "0.0",
                "_Gain_": "0.927170868347339",
                "_CumLift_": "1.9271708683473392",
                "_Event_": "1",
                "_TargetName_": "BAD",
                "_PctResp_": "5.555555555555555",
                "_GainBest_": "1.0",
                "_CumLiftBest_": "2.0000000000000004",
                "_Lift_": "0.2801120448179272",
                "_CumPctResp_": "38.22222222222222",
                "_NEventsBest_": "0.0",
                "_CumPctRespBest_": "39.666666666666664",
                "_Value_": "0.0513963573256773",
                "_NEvents_": "5.0",
                "_LiftBest_": "0.0",
                "_PartInd_": "0",
                "_Resp_": "1.400560224089636"
            },
            "rowNumber": 11
        },
        {
            "dataMap": {
                "_NObs_": "90.0",
                "_Depth_": "55.0",
                "_CumRespBest_": "100.0",
                "_formattedPartition_": "           0",
                "_column_": "predict",
                "_RespBest_": "0.0",
                "_DataRole_": "VALIDATE",
                "_CumResp_": "96.91876750700278",
                "_PctRespBest_": "0.0",
                "_Gain_": "0.7621594092182329",
                "_CumLift_": "1.762159409218233",
                "_Event_": "1",
                "_TargetName_": "BAD",
                "_PctResp_": "2.2222222222222223",
                "_GainBest_": "0.8181818181818183",
                "_CumLiftBest_": "1.8181818181818186",
                "_Lift_": "0.11204481792717086",
                "_CumPctResp_": "34.94949494949495",
                "_NEventsBest_": "0.0",
                "_CumPctRespBest_": "36.06060606060606",
                "_Value_": "0.04522449887092677",
                "_NEvents_": "2.0",
                "_LiftBest_": "0.0",
                "_PartInd_": "0",
                "_Resp_": "0.5602240896358543"
            },
            "rowNumber": 12
        },
        {
            "dataMap": {
                "_NObs_": "90.0",
                "_Depth_": "60.0",
                "_CumRespBest_": "100.0",
                "_formattedPartition_": "           0",
                "_column_": "predict",
                "_RespBest_": "0.0",
                "_DataRole_": "VALIDATE",
                "_CumResp_": "97.47899159663864",
                "_PctRespBest_": "0.0",
                "_Gain_": "0.6246498599439776",
                "_CumLift_": "1.6246498599439778",
                "_Event_": "1",
                "_TargetName_": "BAD",
                "_PctResp_": "2.2222222222222223",
                "_GainBest_": "0.6666666666666667",
                "_CumLiftBest_": "1.666666666666667",
                "_Lift_": "0.11204481792717086",
                "_CumPctResp_": "32.22222222222222",
                "_NEventsBest_": "0.0",
                "_CumPctRespBest_": "33.05555555555556",
                "_Value_": "0.0401103307913839",
                "_NEvents_": "2.0",
                "_LiftBest_": "0.0",
                "_PartInd_": "0",
                "_Resp_": "0.5602240896358543"
            },
            "rowNumber": 13
        },
        {
            "dataMap": {
                "_NObs_": "90.0",
                "_Depth_": "65.0",
                "_CumRespBest_": "100.0",
                "_formattedPartition_": "           0",
                "_column_": "predict",
                "_RespBest_": "0.0",
                "_DataRole_": "VALIDATE",
                "_CumResp_": "98.03921568627449",
                "_PctRespBest_": "0.0",
                "_Gain_": "0.508295625942685",
                "_CumLift_": "1.508295625942685",
                "_Event_": "1",
                "_TargetName_": "BAD",
                "_PctResp_": "2.2222222222222223",
                "_GainBest_": "0.5384615384615385",
                "_CumLiftBest_": "1.5384615384615388",
                "_Lift_": "0.11204481792717086",
                "_CumPctResp_": "29.914529914529915",
                "_NEventsBest_": "0.0",
                "_CumPctRespBest_": "30.512820512820515",
                "_Value_": "0.03665104006801302",
                "_NEvents_": "2.0",
                "_LiftBest_": "0.0",
                "_PartInd_": "0",
                "_Resp_": "0.5602240896358543"
            },
            "rowNumber": 14
        },
        {
            "dataMap": {
                "_NObs_": "90.0",
                "_Depth_": "70.0",
                "_CumRespBest_": "100.0",
                "_formattedPartition_": "           0",
                "_column_": "predict",
                "_RespBest_": "0.0",
                "_DataRole_": "VALIDATE",
                "_CumResp_": "98.31932773109241",
                "_PctRespBest_": "0.0",
                "_Gain_": "0.4045618247298921",
                "_CumLift_": "1.4045618247298923",
                "_Event_": "1",
                "_TargetName_": "BAD",
                "_PctResp_": "1.1111111111111112",
                "_GainBest_": "0.4285714285714286",
                "_CumLiftBest_": "1.4285714285714288",
                "_Lift_": "0.05602240896358543",
                "_CumPctResp_": "27.857142857142858",
                "_NEventsBest_": "0.0",
                "_CumPctRespBest_": "28.333333333333332",
                "_Value_": "0.03320870184320582",
                "_NEvents_": "1.0",
                "_LiftBest_": "0.0",
                "_PartInd_": "0",
                "_Resp_": "0.2801120448179272"
            },
            "rowNumber": 15
        },
        {
            "dataMap": {
                "_NObs_": "90.0",
                "_Depth_": "75.0",
                "_CumRespBest_": "100.0",
                "_formattedPartition_": "           0",
                "_column_": "predict",
                "_RespBest_": "0.0",
                "_DataRole_": "VALIDATE",
                "_CumResp_": "98.59943977591034",
                "_PctRespBest_": "0.0",
                "_Gain_": "0.3146591970121384",
                "_CumLift_": "1.3146591970121384",
                "_Event_": "1",
                "_TargetName_": "BAD",
                "_PctResp_": "1.1111111111111112",
                "_GainBest_": "0.3333333333333335",
                "_CumLiftBest_": "1.3333333333333337",
                "_Lift_": "0.05602240896358543",
                "_CumPctResp_": "26.074074074074073",
                "_NEventsBest_": "0.0",
                "_CumPctRespBest_": "26.444444444444443",
                "_Value_": "0.029840745000020034",
                "_NEvents_": "1.0",
                "_LiftBest_": "0.0",
                "_PartInd_": "0",
                "_Resp_": "0.2801120448179272"
            },
            "rowNumber": 16
        },
        {
            "dataMap": {
                "_NObs_": "90.0",
                "_Depth_": "80.0",
                "_CumRespBest_": "100.0",
                "_formattedPartition_": "           0",
                "_column_": "predict",
                "_RespBest_": "0.0",
                "_DataRole_": "VALIDATE",
                "_CumResp_": "98.87955182072827",
                "_PctRespBest_": "0.0",
                "_Gain_": "0.2359943977591037",
                "_CumLift_": "1.2359943977591037",
                "_Event_": "1",
                "_TargetName_": "BAD",
                "_PctResp_": "1.1111111111111112",
                "_GainBest_": "0.2500000000000002",
                "_CumLiftBest_": "1.2500000000000002",
                "_Lift_": "0.05602240896358543",
                "_CumPctResp_": "24.51388888888889",
                "_NEventsBest_": "0.0",
                "_CumPctRespBest_": "24.791666666666668",
                "_Value_": "0.02787673865040042",
                "_NEvents_": "1.0",
                "_LiftBest_": "0.0",
                "_PartInd_": "0",
                "_Resp_": "0.2801120448179272"
            },
            "rowNumber": 17
        },
        {
            "dataMap": {
                "_NObs_": "90.0",
                "_Depth_": "85.0",
                "_CumRespBest_": "100.0",
                "_formattedPartition_": "           0",
                "_column_": "predict",
                "_RespBest_": "0.0",
                "_DataRole_": "VALIDATE",
                "_CumResp_": "99.71988795518205",
                "_PctRespBest_": "0.0",
                "_Gain_": "0.17317515241390669",
                "_CumLift_": "1.1731751524139067",
                "_Event_": "1",
                "_TargetName_": "BAD",
                "_PctResp_": "3.3333333333333335",
                "_GainBest_": "0.17647058823529416",
                "_CumLiftBest_": "1.1764705882352942",
                "_Lift_": "0.1680672268907563",
                "_CumPctResp_": "23.26797385620915",
                "_NEventsBest_": "0.0",
                "_CumPctRespBest_": "23.333333333333332",
                "_Value_": "0.02572499160347813",
                "_NEvents_": "3.0",
                "_LiftBest_": "0.0",
                "_PartInd_": "0",
                "_Resp_": "0.8403361344537815"
            },
            "rowNumber": 18
        },
        {
            "dataMap": {
                "_NObs_": "90.0",
                "_Depth_": "90.0",
                "_CumRespBest_": "100.0",
                "_formattedPartition_": "           0",
                "_column_": "predict",
                "_RespBest_": "0.0",
                "_DataRole_": "VALIDATE",
                "_CumResp_": "99.71988795518205",
                "_PctRespBest_": "0.0",
                "_Gain_": "0.1079987550575785",
                "_CumLift_": "1.1079987550575785",
                "_Event_": "1",
                "_TargetName_": "BAD",
                "_PctResp_": "0.0",
                "_GainBest_": "0.11111111111111116",
                "_CumLiftBest_": "1.1111111111111112",
                "_Lift_": "0.0",
                "_CumPctResp_": "21.975308641975307",
                "_NEventsBest_": "0.0",
                "_CumPctRespBest_": "22.037037037037038",
                "_Value_": "0.022999402793211856",
                "_NEvents_": "0.0",
                "_LiftBest_": "0.0",
                "_PartInd_": "0",
                "_Resp_": "0.0"
            },
            "rowNumber": 19
        },
        {
            "dataMap": {
                "_NObs_": "90.0",
                "_Depth_": "95.0",
                "_CumRespBest_": "100.0",
                "_formattedPartition_": "           0",
                "_column_": "predict",
                "_RespBest_": "0.0",
                "_DataRole_": "VALIDATE",
                "_CumResp_": "99.71988795518205",
                "_PctRespBest_": "0.0",
                "_Gain_": "0.04968303110717942",
                "_CumLift_": "1.0496830311071796",
                "_Event_": "1",
                "_TargetName_": "BAD",
                "_PctResp_": "0.0",
                "_GainBest_": "0.05263157894736836",
                "_CumLiftBest_": "1.0526315789473684",
                "_Lift_": "0.0",
                "_CumPctResp_": "20.818713450292396",
                "_NEventsBest_": "0.0",
                "_CumPctRespBest_": "20.87719298245614",
                "_Value_": "0.020301118043136585",
                "_NEvents_": "0.0",
                "_LiftBest_": "0.0",
                "_PartInd_": "0",
                "_Resp_": "0.0"
            },
            "rowNumber": 20
        },
        {
            "dataMap": {
                "_NObs_": "78.0",
                "_Depth_": "100.0",
                "_CumRespBest_": "100.0",
                "_formattedPartition_": "           0",
                "_column_": "predict",
                "_RespBest_": "0.0",
                "_DataRole_": "VALIDATE",
                "_CumResp_": "99.99999999999997",
                "_PctRespBest_": "0.0",
                "_Gain_": "0.0",
                "_CumLift_": "1.0",
                "_Event_": "1",
                "_TargetName_": "BAD",
                "_PctResp_": "1.282051282051282",
                "_GainBest_": "0.0",
                "_CumLiftBest_": "1.0",
                "_Lift_": "0.05602240896358543",
                "_CumPctResp_": "19.966442953020135",
                "_NEventsBest_": "0.0",
                "_CumPctRespBest_": "19.966442953020135",
                "_Value_": "0.013781742266524415",
                "_NEvents_": "1.0",
                "_LiftBest_": "0.0",
                "_PartInd_": "0",
                "_Resp_": "0.2801120448179272"
            },
            "rowNumber": 21
        },
        {
            "dataMap": {
                "_NObs_": "0",
                "_Depth_": "0",
                "_CumRespBest_": "0",
                "_formattedPartition_": "           1",
                "_column_": "predict",
                "_RespBest_": "0",
                "_DataRole_": "TRAIN",
                "_CumResp_": "0",
                "_Event_": "1",
                "_TargetName_": "BAD",
                "_NEventsBest_": "0",
                "_Value_": "0",
                "_NEvents_": "0",
                "_PartInd_": "1",
                "_Resp_": "0"
            },
            "rowNumber": 22
        },
        {
            "dataMap": {
                "_NObs_": "179.0",
                "_Depth_": "5.0",
                "_CumRespBest_": "25.105189340813467",
                "_formattedPartition_": "           1",
                "_column_": "predict",
                "_RespBest_": "25.105189340813467",
                "_DataRole_": "TRAIN",
                "_CumResp_": "25.105189340813467",
                "_PctRespBest_": "100.0",
                "_Gain_": "4.021037868162693",
                "_CumLift_": "5.0210378681626935",
                "_Event_": "1",
                "_TargetName_": "BAD",
                "_PctResp_": "100.0",
                "_GainBest_": "4.021037868162693",
                "_CumLiftBest_": "5.0210378681626935",
                "_Lift_": "5.0210378681626935",
                "_CumPctResp_": "100.0",
                "_NEventsBest_": "179.0",
                "_CumPctRespBest_": "100.0",
                "_Value_": "0.9020015249998582",
                "_NEvents_": "179.0",
                "_LiftBest_": "5.0210378681626935",
                "_PartInd_": "1",
                "_Resp_": "25.105189340813467"
            },
            "rowNumber": 23
        },
        {
            "dataMap": {
                "_NObs_": "179.0",
                "_Depth_": "10.0",
                "_CumRespBest_": "50.210378681626935",
                "_formattedPartition_": "           1",
                "_column_": "predict",
                "_RespBest_": "25.105189340813467",
                "_DataRole_": "TRAIN",
                "_CumResp_": "49.36886395511922",
                "_PctRespBest_": "100.0",
                "_Gain_": "3.9368863955119204",
                "_CumLift_": "4.936886395511921",
                "_Event_": "1",
                "_TargetName_": "BAD",
                "_PctResp_": "96.64804469273743",
                "_GainBest_": "4.021037868162693",
                "_CumLiftBest_": "5.0210378681626935",
                "_Lift_": "4.85273492286115",
                "_CumPctResp_": "98.32402234636871",
                "_NEventsBest_": "179.0",
                "_CumPctRespBest_": "100.0",
                "_Value_": "0.7540062501604732",
                "_NEvents_": "173.0",
                "_LiftBest_": "5.0210378681626935",
                "_PartInd_": "1",
                "_Resp_": "24.26367461430575"
            },
            "rowNumber": 24
        },
        {
            "dataMap": {
                "_NObs_": "179.0",
                "_Depth_": "15.0",
                "_CumRespBest_": "75.3155680224404",
                "_formattedPartition_": "           1",
                "_column_": "predict",
                "_RespBest_": "25.105189340813467",
                "_DataRole_": "TRAIN",
                "_CumResp_": "68.30294530154278",
                "_PctRespBest_": "100.0",
                "_Gain_": "3.5535296867695187",
                "_CumLift_": "4.553529686769519",
                "_Event_": "1",
                "_TargetName_": "BAD",
                "_PctResp_": "75.41899441340783",
                "_GainBest_": "4.0210378681626935",
                "_CumLiftBest_": "5.0210378681626935",
                "_Lift_": "3.7868162692847127",
                "_CumPctResp_": "90.68901303538175",
                "_NEventsBest_": "179.0",
                "_CumPctRespBest_": "100.0",
                "_Value_": "0.5533414449489192",
                "_NEvents_": "135.0",
                "_LiftBest_": "5.0210378681626935",
                "_PartInd_": "1",
                "_Resp_": "18.93408134642356"
            },
            "rowNumber": 25
        },
        {
            "dataMap": {
                "_NObs_": "179.0",
                "_Depth_": "20.0",
                "_CumRespBest_": "100.0",
                "_formattedPartition_": "           1",
                "_column_": "predict",
                "_RespBest_": "24.684431977559605",
                "_DataRole_": "TRAIN",
                "_CumResp_": "81.2061711079944",
                "_PctRespBest_": "98.32402234636871",
                "_Gain_": "3.060308555399719",
                "_CumLift_": "4.06030855539972",
                "_Event_": "1",
                "_TargetName_": "BAD",
                "_PctResp_": "51.39664804469274",
                "_GainBest_": "3.999999999999999",
                "_CumLiftBest_": "5.0",
                "_Lift_": "2.5806451612903225",
                "_CumPctResp_": "80.8659217877095",
                "_NEventsBest_": "176.0",
                "_CumPctRespBest_": "99.58100558659217",
                "_Value_": "0.36770463245538704",
                "_NEvents_": "92.0",
                "_LiftBest_": "4.936886395511921",
                "_PartInd_": "1",
                "_Resp_": "12.903225806451612"
            },
            "rowNumber": 26
        },
        {
            "dataMap": {
                "_NObs_": "179.0",
                "_Depth_": "25.0",
                "_CumRespBest_": "100.0",
                "_formattedPartition_": "           1",
                "_column_": "predict",
                "_RespBest_": "0.0",
                "_DataRole_": "TRAIN",
                "_CumResp_": "88.49929873772791",
                "_PctRespBest_": "0.0",
                "_Gain_": "2.5399719495091158",
                "_CumLift_": "3.539971949509116",
                "_Event_": "1",
                "_TargetName_": "BAD",
                "_PctResp_": "29.05027932960894",
                "_GainBest_": "3.0",
                "_CumLiftBest_": "4.0",
                "_Lift_": "1.458625525946704",
                "_CumPctResp_": "70.50279329608938",
                "_NEventsBest_": "0.0",
                "_CumPctRespBest_": "79.66480446927375",
                "_Value_": "0.18574452783403267",
                "_NEvents_": "52.0",
                "_LiftBest_": "0.0",
                "_PartInd_": "1",
                "_Resp_": "7.293127629733521"
            },
            "rowNumber": 27
        },
        {
            "dataMap": {
                "_NObs_": "179.0",
                "_Depth_": "30.0",
                "_CumRespBest_": "100.0",
                "_formattedPartition_": "           1",
                "_column_": "predict",
                "_RespBest_": "0.0",
                "_DataRole_": "TRAIN",
                "_CumResp_": "92.84712482468443",
                "_PctRespBest_": "0.0",
                "_Gain_": "2.094904160822814",
                "_CumLift_": "3.0949041608228143",
                "_Event_": "1",
                "_TargetName_": "BAD",
                "_PctResp_": "17.318435754189945",
                "_GainBest_": "2.333333333333333",
                "_CumLiftBest_": "3.333333333333333",
                "_Lift_": "0.8695652173913044",
                "_CumPctResp_": "61.63873370577281",
                "_NEventsBest_": "0.0",
                "_CumPctRespBest_": "66.38733705772812",
                "_Value_": "0.13116093312273863",
                "_NEvents_": "31.0",
                "_LiftBest_": "0.0",
                "_PartInd_": "1",
                "_Resp_": "4.3478260869565215"
            },
            "rowNumber": 28
        },
        {
            "dataMap": {
                "_NObs_": "179.0",
                "_Depth_": "35.0",
                "_CumRespBest_": "100.0",
                "_formattedPartition_": "           1",
                "_column_": "predict",
                "_RespBest_": "0.0",
                "_DataRole_": "TRAIN",
                "_CumResp_": "95.23141654978961",
                "_PctRespBest_": "0.0",
                "_Gain_": "1.720897615708275",
                "_CumLift_": "2.720897615708275",
                "_Event_": "1",
                "_TargetName_": "BAD",
                "_PctResp_": "9.497206703910614",
                "_GainBest_": "1.8571428571428568",
                "_CumLiftBest_": "2.857142857142857",
                "_Lift_": "0.4768583450210379",
                "_CumPctResp_": "54.18994413407822",
                "_NEventsBest_": "0.0",
                "_CumPctRespBest_": "56.90343176376695",
                "_Value_": "0.09730883956137835",
                "_NEvents_": "17.0",
                "_LiftBest_": "0.0",
                "_PartInd_": "1",
                "_Resp_": "2.3842917251051894"
            },
            "rowNumber": 29
        },
        {
            "dataMap": {
                "_NObs_": "179.0",
                "_Depth_": "40.0",
                "_CumRespBest_": "100.0",
                "_formattedPartition_": "           1",
                "_column_": "predict",
                "_RespBest_": "0.0",
                "_DataRole_": "TRAIN",
                "_CumResp_": "96.77419354838709",
                "_PctRespBest_": "0.0",
                "_Gain_": "1.4193548387096775",
                "_CumLift_": "2.4193548387096775",
                "_Event_": "1",
                "_TargetName_": "BAD",
                "_PctResp_": "6.145251396648044",
                "_GainBest_": "1.4999999999999996",
                "_CumLiftBest_": "2.5",
                "_Lift_": "0.3085553997194951",
                "_CumPctResp_": "48.184357541899445",
                "_NEventsBest_": "0.0",
                "_CumPctRespBest_": "49.790502793296085",
                "_Value_": "0.0790142551856251",
                "_NEvents_": "11.0",
                "_LiftBest_": "0.0",
                "_PartInd_": "1",
                "_Resp_": "1.5427769985974753"
            },
            "rowNumber": 30
        },
        {
            "dataMap": {
                "_NObs_": "179.0",
                "_Depth_": "45.0",
                "_CumRespBest_": "100.0",
                "_formattedPartition_": "           1",
                "_column_": "predict",
                "_RespBest_": "0.0",
                "_DataRole_": "TRAIN",
                "_CumResp_": "97.6157082748948",
                "_PctRespBest_": "0.0",
                "_Gain_": "1.1692379616643294",
                "_CumLift_": "2.1692379616643294",
                "_Event_": "1",
                "_TargetName_": "BAD",
                "_PctResp_": "3.35195530726257",
                "_GainBest_": "1.2222222222222223",
                "_CumLiftBest_": "2.2222222222222223",
                "_Lift_": "0.16830294530154277",
                "_CumPctResp_": "43.20297951582867",
                "_NEventsBest_": "0.0",
                "_CumPctRespBest_": "44.258224705152074",
                "_Value_": "0.06570781092313259",
                "_NEvents_": "6.0",
                "_LiftBest_": "0.0",
                "_PartInd_": "1",
                "_Resp_": "0.8415147265077139"
            },
            "rowNumber": 31
        },
        {
            "dataMap": {
                "_NObs_": "179.0",
                "_Depth_": "50.0",
                "_CumRespBest_": "100.0",
                "_formattedPartition_": "           1",
                "_column_": "predict",
                "_RespBest_": "0.0",
                "_DataRole_": "TRAIN",
                "_CumResp_": "98.45722300140251",
                "_PctRespBest_": "0.0",
                "_Gain_": "0.9691444600280508",
                "_CumLift_": "1.9691444600280508",
                "_Event_": "1",
                "_TargetName_": "BAD",
                "_PctResp_": "3.35195530726257",
                "_GainBest_": "1.0000000000000004",
                "_CumLiftBest_": "2.0000000000000004",
                "_Lift_": "0.16830294530154277",
                "_CumPctResp_": "39.21787709497207",
                "_NEventsBest_": "0.0",
                "_CumPctRespBest_": "39.832402234636874",
                "_Value_": "0.05765802504043555",
                "_NEvents_": "6.0",
                "_LiftBest_": "0.0",
                "_PartInd_": "1",
                "_Resp_": "0.8415147265077139"
            },
            "rowNumber": 32
        },
        {
            "dataMap": {
                "_NObs_": "179.0",
                "_Depth_": "55.0",
                "_CumRespBest_": "100.0",
                "_formattedPartition_": "           1",
                "_column_": "predict",
                "_RespBest_": "0.0",
                "_DataRole_": "TRAIN",
                "_CumResp_": "99.15848527349227",
                "_PctRespBest_": "0.0",
                "_Gain_": "0.8028815504271327",
                "_CumLift_": "1.802881550427133",
                "_Event_": "1",
                "_TargetName_": "BAD",
                "_PctResp_": "2.793296089385475",
                "_GainBest_": "0.8181818181818186",
                "_CumLiftBest_": "1.8181818181818186",
                "_Lift_": "0.1402524544179523",
                "_CumPctResp_": "35.90655154900965",
                "_NEventsBest_": "0.0",
                "_CumPctRespBest_": "36.211274758760794",
                "_Value_": "0.04920762045352262",
                "_NEvents_": "5.0",
                "_LiftBest_": "0.0",
                "_PartInd_": "1",
                "_Resp_": "0.7012622720897616"
            },
            "rowNumber": 33
        },
        {
            "dataMap": {
                "_NObs_": "179.0",
                "_Depth_": "60.0",
                "_CumRespBest_": "100.0",
                "_formattedPartition_": "           1",
                "_column_": "predict",
                "_RespBest_": "0.0",
                "_DataRole_": "TRAIN",
                "_CumResp_": "99.29873772791022",
                "_PctRespBest_": "0.0",
                "_Gain_": "0.6549789621318378",
                "_CumLift_": "1.6549789621318376",
                "_Event_": "1",
                "_TargetName_": "BAD",
                "_PctResp_": "0.5586592178770949",
                "_GainBest_": "0.6666666666666672",
                "_CumLiftBest_": "1.666666666666667",
                "_Lift_": "0.028050490883590466",
                "_CumPctResp_": "32.960893854748605",
                "_NEventsBest_": "0.0",
                "_CumPctRespBest_": "33.19366852886406",
                "_Value_": "0.0423188324609908",
                "_NEvents_": "1.0",
                "_LiftBest_": "0.0",
                "_PartInd_": "1",
                "_Resp_": "0.1402524544179523"
            },
            "rowNumber": 34
        },
        {
            "dataMap": {
                "_NObs_": "179.0",
                "_Depth_": "65.0",
                "_CumRespBest_": "100.0",
                "_formattedPartition_": "           1",
                "_column_": "predict",
                "_RespBest_": "0.0",
                "_DataRole_": "TRAIN",
                "_CumResp_": "99.29873772791022",
                "_PctRespBest_": "0.0",
                "_Gain_": "0.5276728881216963",
                "_CumLift_": "1.5276728881216963",
                "_Event_": "1",
                "_TargetName_": "BAD",
                "_PctResp_": "0.0",
                "_GainBest_": "0.538461538461539",
                "_CumLiftBest_": "1.5384615384615388",
                "_Lift_": "0.0",
                "_CumPctResp_": "30.425440481306403",
                "_NEventsBest_": "0.0",
                "_CumPctRespBest_": "30.640309411259132",
                "_Value_": "0.038397542249856725",
                "_NEvents_": "0.0",
                "_LiftBest_": "0.0",
                "_PartInd_": "1",
                "_Resp_": "0.0"
            },
            "rowNumber": 35
        },
        {
            "dataMap": {
                "_NObs_": "179.0",
                "_Depth_": "70.0",
                "_CumRespBest_": "100.0",
                "_formattedPartition_": "           1",
                "_column_": "predict",
                "_RespBest_": "0.0",
                "_DataRole_": "TRAIN",
                "_CumResp_": "99.43899018232817",
                "_PctRespBest_": "0.0",
                "_Gain_": "0.420557002604689",
                "_CumLift_": "1.4205570026046888",
                "_Event_": "1",
                "_TargetName_": "BAD",
                "_PctResp_": "0.5586592178770949",
                "_GainBest_": "0.4285714285714288",
                "_CumLiftBest_": "1.428571428571429",
                "_Lift_": "0.028050490883590466",
                "_CumPctResp_": "28.292098962490027",
                "_NEventsBest_": "0.0",
                "_CumPctRespBest_": "28.451715881883477",
                "_Value_": "0.03491990403067858",
                "_NEvents_": "1.0",
                "_LiftBest_": "0.0",
                "_PartInd_": "1",
                "_Resp_": "0.1402524544179523"
            },
            "rowNumber": 36
        },
        {
            "dataMap": {
                "_NObs_": "179.0",
                "_Depth_": "75.0",
                "_CumRespBest_": "100.0",
                "_formattedPartition_": "           1",
                "_column_": "predict",
                "_RespBest_": "0.0",
                "_DataRole_": "TRAIN",
                "_CumResp_": "99.43899018232817",
                "_PctRespBest_": "0.0",
                "_Gain_": "0.32585320243104277",
                "_CumLift_": "1.3258532024310428",
                "_Event_": "1",
                "_TargetName_": "BAD",
                "_PctResp_": "0.0",
                "_GainBest_": "0.3333333333333335",
                "_CumLiftBest_": "1.3333333333333337",
                "_Lift_": "0.0",
                "_CumPctResp_": "26.405959031657357",
                "_NEventsBest_": "0.0",
                "_CumPctRespBest_": "26.554934823091248",
                "_Value_": "0.031801010374432406",
                "_NEvents_": "0.0",
                "_LiftBest_": "0.0",
                "_PartInd_": "1",
                "_Resp_": "0.0"
            },
            "rowNumber": 37
        },
        {
            "dataMap": {
                "_NObs_": "179.0",
                "_Depth_": "80.0",
                "_CumRespBest_": "100.0",
                "_formattedPartition_": "           1",
                "_column_": "predict",
                "_RespBest_": "0.0",
                "_DataRole_": "TRAIN",
                "_CumResp_": "99.57924263674612",
                "_PctRespBest_": "0.0",
                "_Gain_": "0.2447405329593273",
                "_CumLift_": "1.244740532959327",
                "_Event_": "1",
                "_TargetName_": "BAD",
                "_PctResp_": "0.5586592178770949",
                "_GainBest_": "0.2500000000000002",
                "_CumLiftBest_": "1.2500000000000002",
                "_Lift_": "0.028050490883590466",
                "_CumPctResp_": "24.790502793296092",
                "_NEventsBest_": "0.0",
                "_CumPctRespBest_": "24.895251396648042",
                "_Value_": "0.029072662092230576",
                "_NEvents_": "1.0",
                "_LiftBest_": "0.0",
                "_PartInd_": "1",
                "_Resp_": "0.1402524544179523"
            },
            "rowNumber": 38
        },
        {
            "dataMap": {
                "_NObs_": "179.0",
                "_Depth_": "85.0",
                "_CumRespBest_": "100.0",
                "_formattedPartition_": "           1",
                "_column_": "predict",
                "_RespBest_": "0.0",
                "_DataRole_": "TRAIN",
                "_CumResp_": "99.57924263674612",
                "_PctRespBest_": "0.0",
                "_Gain_": "0.1715205016087784",
                "_CumLift_": "1.1715205016087784",
                "_Event_": "1",
                "_TargetName_": "BAD",
                "_PctResp_": "0.0",
                "_GainBest_": "0.17647058823529438",
                "_CumLiftBest_": "1.1764705882352944",
                "_Lift_": "0.0",
                "_CumPctResp_": "23.332237923102202",
                "_NEventsBest_": "0.0",
                "_CumPctRespBest_": "23.43082484390404",
                "_Value_": "0.026770575028913682",
                "_NEvents_": "0.0",
                "_LiftBest_": "0.0",
                "_PartInd_": "1",
                "_Resp_": "0.0"
            },
            "rowNumber": 39
        },
        {
            "dataMap": {
                "_NObs_": "179.0",
                "_Depth_": "90.0",
                "_CumRespBest_": "100.0",
                "_formattedPartition_": "           1",
                "_column_": "predict",
                "_RespBest_": "0.0",
                "_DataRole_": "TRAIN",
                "_CumResp_": "99.71949509116406",
                "_PctRespBest_": "0.0",
                "_Gain_": "0.10799438990182364",
                "_CumLift_": "1.1079943899018236",
                "_Event_": "1",
                "_TargetName_": "BAD",
                "_PctResp_": "0.5586592178770949",
                "_GainBest_": "0.11111111111111138",
                "_CumLiftBest_": "1.1111111111111114",
                "_Lift_": "0.028050490883590466",
                "_CumPctResp_": "22.067039106145252",
                "_NEventsBest_": "0.0",
                "_CumPctRespBest_": "22.129112352576037",
                "_Value_": "0.02433301228932624",
                "_NEvents_": "1.0",
                "_LiftBest_": "0.0",
                "_PartInd_": "1",
                "_Resp_": "0.1402524544179523"
            },
            "rowNumber": 40
        },
        {
            "dataMap": {
                "_NObs_": "179.0",
                "_Depth_": "95.0",
                "_CumRespBest_": "100.0",
                "_formattedPartition_": "           1",
                "_column_": "predict",
                "_RespBest_": "0.0",
                "_DataRole_": "TRAIN",
                "_CumResp_": "99.85974754558201",
                "_PctRespBest_": "0.0",
                "_Gain_": "0.051155237321916625",
                "_CumLift_": "1.0511552373219166",
                "_Event_": "1",
                "_TargetName_": "BAD",
                "_PctResp_": "0.5586592178770949",
                "_GainBest_": "0.05263157894736881",
                "_CumLiftBest_": "1.0526315789473688",
                "_Lift_": "0.028050490883590466",
                "_CumPctResp_": "20.935019112025874",
                "_NEventsBest_": "0.0",
                "_CumPctRespBest_": "20.96442222875625",
                "_Value_": "0.020839271428412486",
                "_NEvents_": "1.0",
                "_LiftBest_": "0.0",
                "_PartInd_": "1",
                "_Resp_": "0.1402524544179523"
            },
            "rowNumber": 41
        },
        {
            "dataMap": {
                "_NObs_": "175.0",
                "_Depth_": "100.0",
                "_CumRespBest_": "100.0",
                "_formattedPartition_": "           1",
                "_column_": "predict",
                "_RespBest_": "0.0",
                "_DataRole_": "TRAIN",
                "_CumResp_": "99.99999999999996",
                "_PctRespBest_": "0.0",
                "_Gain_": "0.0",
                "_CumLift_": "1.0",
                "_Event_": "1",
                "_TargetName_": "BAD",
                "_PctResp_": "0.5714285714285714",
                "_GainBest_": "0.0",
                "_CumLiftBest_": "1.0",
                "_Lift_": "0.028050490883590466",
                "_CumPctResp_": "19.938478747203582",
                "_NEventsBest_": "0.0",
                "_CumPctRespBest_": "19.938478747203582",
                "_Value_": "0.0111468122238782",
                "_NEvents_": "1.0",
                "_LiftBest_": "0.0",
                "_PartInd_": "1",
                "_Resp_": "0.1402524544179523"
            },
            "rowNumber": 42
        }
    ],
    "version": 1,
    "xInteger": false,
    "yInteger": false
}